Crop,Year,Production,Area,Yield
Total Foodgrains,2006,158.8,128.5,123.6
Total Foodgrains,2007,168.6,128.8,130.9
Total Foodgrains,2008,171.3,127.6,134.3
Total Foodgrains,2009,159.4,126.0,126.5
Total Foodgrains,2010,178.9,131.7,135.9
Rice,2006,200.8,168.5,119.2
Rice,2007,207.9,168.9,123.1
Rice,2008,213.3,175.1,121.8
Rice,2009,191.6,161.2,118.9
Rice,2010,206.4,164.8,125.2
Wheat,2006,131.6,115.0,114.4
Wheat,2007,136.4,115.2,118.4
Wheat,2008,140.1,114.0,122.8
Wheat,2009,140.3,116.9,120.0
Wheat,2010,150.8,119.5,126.3
Jowar,2006,124.3,120.7,103.0
Jowar,2007,137.8,110.6,124.6
Jowar,2008,126.0,107.3,117.4
Jowar,2009,116.5,111.0,105.0
Jowar,2010,121.8,105.2,115.8
Bajra,2006,136.4,94.5,144.3
Bajra,2007,161.5,95.1,169.7
Bajra,2008,143.9,87.0,165.4
Bajra,2009,105.4,88.5,119.0
Bajra,2010,167.9,95.6,175.8
Maize,2006,198.8,156.1,127.3
Maize,2007,249.6,160.5,155.5
Maize,2008,259.8,161.6,160.7
Maize,2009,220.1,163.4,134.7
Maize,2010,286.0,169.1,169.1
Ragi,2006,56.1,60.2,93.2
Ragi,2007,83.6,70.9,117.9
Ragi,2008,79.3,70.6,112.2
Ragi,2009,73.4,64.8,113.2
Ragi,2010,85.2,65.8,129.6
Small millets,2006,53.9,50.9,106.0
Small millets,2007,61.9,52.3,118.3
Small millets,2008,50.0,45.6,109.7
Small millets,2009,42.9,41.8,102.7
Small millets,2010,82.0,45.0,182.4
Barley,2006,88.1,72.8,121.0
Barley,2007,79.3,67.9,116.9
Barley,2008,112.0,79.5,141.0
Barley,2009,89.9,70.2,127.9
Barley,2010,110.3,79.4,138.9
Coarse Cereals,2006,138.5,106.4,130.1
Coarse Cereals,2007,166.4,105.6,157.6
Coarse Cereals,2008,163.5,101.8,160.7
Coarse Cereals,2009,137.0,102.6,133.5
Coarse Cereals,2010,178.4,105.4,169.2
Cereals,2006,164.1,130.0,126.3
Cereals,2007,174.6,129.9,134.4
Cereals,2008,177.7,130.3,136.4
Cereals,2009,164.4,126.8,129.7
Cereals,2010,183.1,129.8,141.1
Gram,2006,140.6,122.3,115.0
Gram,2007,127.6,123.1,103.7
Gram,2008,156.5,128.8,121.7
Gram,2009,165.9,133.3,124.5
Gram,2010,182.5,149.9,121.7
Arhar,2006,97.0,99.7,97.3
Arhar,2007,128.9,104.3,123.6
Arhar,2008,94.9,94.5,100.4
Arhar,2009,103.3,97.0,106.5
Arhar,2010,119.9,122.2,98.1
Other Pulses,2006,139.1,131.3,105.9
Other Pulses,2007,148.9,133.8,111.3
Other Pulses,2008,131.4,117.1,112.2
Other Pulses,2009,118.4,126.1,93.9
Other Pulses,2010,179.5,139.1,129.0
Total Pulses,2006,130.3,122.1,106.7
Total Pulses,2007,135.4,124.4,108.8
Total Pulses,2008,133.7,116.3,114.9
Total Pulses,2009,134.5,122.6,109.7
Total Pulses,2010,167.4,139.0,120.4
Total Non-Food grains,2006,155.4,126.6,122.8
Total Non-Food grains,2007,156.8,128.6,122.0
Total Non-Food grains,2008,141.2,131.5,107.4
Total Non-Food grains,2009,143.2,126.7,113.1
Total Non-Food grains,2010,168.4,136.5,123.4
Total Oilseeds,2006,148.2,124.8,118.7
Total Oilseeds,2007,150.9,126.2,119.6
Total Oilseeds,2008,140.8,129.0,109.1
Total Oilseeds,2009,135.9,126.1,107.8
Total Oilseeds,2010,169.0,134.0,126.1
Groundnut,2006,115.2,124.1,92.8
Groundnut,2007,217.5,139.1,156.3
Groundnut,2008,169.8,136.3,124.6
Groundnut,2009,128.6,121.1,106.2
Groundnut,2010,195.7,129.5,151.2
Sesamum,2006,95.5,74.2,128.7
Sesamum,2007,116.8,78.4,149.1
Sesamum,2008,98.8,78.8,125.4
Sesamum,2009,90.8,84.6,107.4
Sesamum,2010,137.9,90.7,151.9
Rapeseed &Mustard,2006,138.7,107.0,129.6
Rapeseed &Mustard,2007,108.8,91.8,118.5
Rapeseed &Mustard,2008,134.3,99.3,135.2
Rapeseed &Mustard,2009,123.2,88.1,139.9
Rapeseed &Mustard,2010,152.5,108.8,140.2
Linseed,2006,55.9,47.9,116.8
Linseed,2007,54.4,51.3,106.1
Linseed,2008,56.4,44.8,126.0
Linseed,2009,51.2,37.5,136.5
Linseed,2010,48.8,39.4,123.9
Castor seed,2006,124.7,91.7,136.0
Castor seed,2007,172.3,114.8,150.1
Castor seed,2008,191.6,126.4,151.5
Castor seed,2009,165.0,107.2,153.9
Castor seed,2010,220.9,128.5,171.9
Safflower,2006,67.3,55.8,120.6
Safflower,2007,62.8,47.4,132.6
Safflower,2008,53.0,43.6,121.5
Safflower,2009,50.1,42.6,117.5
Safflower,2010,42.1,36.1,116.7
Niger seed,2006,65.1,75.7,86.0
Niger seed,2007,59.0,65.8,89.6
Niger seed,2008,63.0,63.5,99.2
Niger seed,2009,53.8,60.6,88.8
Niger seed,2010,58.0,59.9,96.9
Sunflower,2006,161.3,175.0,92.2
Sunflower,2007,192.3,154.5,124.5
Sunflower,2008,152.2,146.5,103.9
Sunflower,2009,111.8,119.3,93.7
Sunflower,2010,85.6,75.1,114.0
Soyabean,2006,253.2,222.7,113.7
Soyabean,2007,313.8,237.5,132.1
Soyabean,2008,283.4,254.5,111.4
Soyabean,2009,285.1,260.3,109.5
Soyabean,2010,364.4,256.8,141.9
Nine Oilseeds,2006,147.1,126.1,116.7
Nine Oilseeds,2007,180.2,126.9,142.0
Nine Oilseeds,2008,167.9,131.0,128.1
Nine Oilseeds,2009,150.7,123.4,122.1
Nine Oilseeds,2010,196.7,129.4,152.0
Coconut,2006,142.7,123.5,115.5
Coconut,2007,91.4,121.4,75.3
Coconut,2008,91.4,121.4,75.3
Coconut,2009,97.5,120.9,80.7
Coconut,2010,97.7,120.9,80.8
Cotton seed,2006,186.1,121.7,152.9
Cotton seed,2007,212.8,125.3,169.9
Cotton seed,2008,183.2,125.2,146.3
Cotton seed,2009,197.5,134.8,146.5
Cotton seed,2010,271.3,149.5,181.5
Total Fibers,2006,186.1,118.3,157.3
Total Fibers,2007,203.5,121.7,167.2
Total Fibers,2008,179.1,120.9,148.2
Total Fibers,2009,196.6,129.4,152.0
Total Fibers,2010,239.3,141.9,168.6
Cotton(lint),2006,213.1,121.7,175.2
Cotton(lint),2007,243.8,125.3,194.6
Cotton(lint),2008,209.8,125.2,167.6
Cotton(lint),2009,226.2,134.8,167.8
Cotton(lint),2010,310.8,149.5,207.9
Jute,2006,220.3,103.6,212.7
Jute,2007,218.3,106.4,205.2
Jute,2008,205.8,102.6,200.5
Jute,2009,239.8,106.0,226.3
Jute,2010,213.8,101.1,211.5
Mesta,2006,81.7,67.2,121.6
Mesta,2007,84.6,69.1,122.5
Mesta,2008,62.4,54.5,114.6
Mesta,2009,50.1,44.5,112.7
Mesta,2010,52.2,46.6,112.0
Jute & Mesta,2006,200.7,95.7,209.7
Jute & Mesta,2007,199.6,98.3,203.0
Jute & Mesta,2008,184.5,92.2,200.1
Jute & Mesta,2009,210.4,92.7,227.0
Jute & Mesta,2010,189.1,89.3,211.8
Sannhamp,2006,97.9,54.2,180.7
Sannhamp,2007,93.0,51.4,182.7
Sannhamp,2008,87.8,45.0,195.2
Sannhamp,2009,69.0,45.0,179.4
Sannhamp,2010,109.9,47.6,230.9
Tea,2006,132.2,135.3,97.7
Tea,2007,132.8,137.8,96.3
Tea,2008,132.0,137.8,95.8
Tea,2009,132.0,137.8,95.8
Tea,2010,132.0,137.8,95.8
Coffee,2006,138.0,117.9,117.0
Coffee,2007,139.8,119.8,116.7
Coffee,2008,139.9,121.9,114.8
Coffee,2009,154.5,123.7,125.0
Coffee,2010,161.1,125.4,128.5
Rubber,2006,215.5,98.6,218.5
Rubber,2007,208.6,138.1,151.1
Rubber,2008,216.5,143.8,151.9
Rubber,2009,210.1,149.2,140.9
Rubber,2010,210.1,149.2,140.9
Total Spices,2006,1427.7,121.3,1176.6
Total Spices,2007,1571.5,125.9,1247.7
Total Spices,2008,1463.0,126.5,1156.8
Total Spices,2009,1430.3,122.0,1172.1
Total Spices,2010,1790.6,136.6,1310.8
Black pepper,2006,134.2,130.8,102.6
Black pepper,2007,91.5,104.7,87.4
Black pepper,2008,92.2,126.9,72.7
Black pepper,2009,99.2,104.2,95.2
Black pepper,2010,101.1,97.8,103.4
Dry chilies,2006,163.5,83.6,195.5
Dry chilies,2007,170.8,88.3,193.4
Dry chilies,2008,167.1,85.4,195.8
Dry chilies,2009,158.3,84.0,188.4
Dry chilies,2010,160.9,86.8,185.5
Dry ginger,2006,206.3,176.2,117.1
Dry ginger,2007,200.6,172.9,116.0
Dry ginger,2008,199.3,180.4,110.5
Dry ginger,2009,202.0,179.4,112.6
Dry ginger,2010,368.1,247.4,148.8
Turmeric,2006,158.6,134.3,118.1
Turmeric,2007,160.1,131.9,121.4
Turmeric,2008,165.5,136.2,121.5
Turmeric,2009,159.8,136.2,117.4
Turmeric,2010,200.2,146.7,136.4
Arecanut,2006,182.5,167.7,108.8
Arecanut,2007,184.3,169.5,108.7
Arecanut,2008,185.5,169.7,109.3
Arecanut,2009,184.3,175.4,105.1
Arecanut,2010,184.3,175.4,105.1
Cardamom,2006,159.2,93.4,170.5
Cardamom,2007,135.8,77.8,174.7
Cardamom,2008,157.1,87.5,179.6
Cardamom,2009,159.2,85.8,185.6
Cardamom,2010,162.2,82.7,196.1
Coriander,2006,126.4,79.1,159.8
Coriander,2007,167.9,94.8,177.2
Coriander,2008,131.3,97.9,134.1
Coriander,2009,128.5,88.8,144.7
Coriander,2010,261.3,130.7,199.9
Garlic,2006,226.2,187.6,120.6
Garlic,2007,311.3,241.6,128.8
Garlic,2008,242.1,195.8,123.6
Garlic,2009,243.0,194.4,125.0
Garlic,2010,308.2,236.8,130.1
Total Fruits & Vegetables,2006,162.6,139.3,116.7
Total Fruits & Vegetables,2007,184.9,145.0,127.5
Total Fruits & Vegetables,2008,241.9,173.8,139.2
Total Fruits & Vegetables,2009,240.3,170.9,140.6
Total Fruits & Vegetables,2010,274.5,188.3,145.7
Potato,2006,135.7,142.2,95.5
Potato,2007,174.2,148.8,117.1
Potato,2008,210.5,175.1,120.2
Potato,2009,223.8,175.8,127.4
Potato,2010,259.1,178.4,145.2
Tapioca,2006,146.4,105.1,139.2
Tapioca,2007,151.5,103.9,145.7
Tapioca,2008,167.1,114.8,145.6
Tapioca,2009,140.0,95.1,147.1
Tapioca,2010,140.3,90.6,154.8
Sweet potato,2006,81.1,75.8,106.9
Sweet potato,2007,79.3,75.4,105.2
Sweet potato,2008,94.2,88.4,106.6
Sweet potato,2009,92.1,84.6,108.8
Sweet potato,2010,88.1,80.4,109.6
Onion,2006,240.5,207.7,115.8
Onion,2007,247.3,208.4,118.7
Onion,2008,367.1,246.8,148.8
Onion,2009,329.1,223.6,147.1
Onion,2010,409.1,314.7,130.0
Banana,2006,189.3,117.6,161.0
Banana,2007,201.1,131.2,153.3
Banana,2008,298.8,174.8,171.0
Banana,2009,301.7,189.8,159.0
Banana,2010,339.4,204.6,165.9
Sugarcane,2006,149.8,142.6,105.1
Sugarcane,2007,146.7,140.0,104.8
Sugarcane,2008,120.1,122.2,98.3
Sugarcane,2009,123.2,115.6,106.6
Sugarcane,2010,144.3,135.2,106.7
Tobacco,2006,88.1,88.8,99.1
Tobacco,2007,83.6,83.9,88.3
Tobacco,2008,96.4,94.2,102.4
Tobacco,2009,105.3,107.1,109.6
Tobacco,2010,140.9,118.8,118.6
